#Id,N_k,Degree,Weighted Degree,closnesscentrality,betweenesscentrality
65537,3,249,597,0.463417,0.000002
69057,4,467,1351,0.47614,0.000009
0,5,2245,9690,0.554943,0.002298
1,2,230,665,0.474708,0.000076
4,7,341,1043,0.469297,0.000029
