Id,Label,timeset,Degree,Weighted Degree,modularity_class,clustering,triangles,Eccentricity,closnesscentrality,harmonicclosnesscentrality,betweenesscentrality
0,,,1304,7808,0,0.28308,240492,5,0.501837,0.550417,0.002008
1,,,71,347,4,0.440644,1095,5,0.414202,0.434323,0.000248
2,,,140,641,5,0.657554,6398,5,0.428496,0.450779,0.000029
3,,,146,596,1,0.867265,9180,5,0.421277,0.444385,0.000001
4,,,146,596,1,0.867265,9180,5,0.421277,0.444385,0.000001
5,,,2352,17928,1,0.131732,364209,5,0.54996,0.618797,0.008522
6,,,3125,26710,1,0.083393,407060,5,0.591354,0.669015,0.035401
8,,,122,490,1,0.816827,6029,5,0.423488,0.445551,0.000008
7,,,116,395,0,0.865817,5775,5,0.422319,0.444094,0.000002